{"version":1,"poolSize":2000,"tunables":{"MP_GLOBAL":{"SESSION_TIME_MATCHMAKING":[{"value":45000}],"TEARGAS_MODIFIER":[{"value":75,"start":1387882800,"end":1388966340}],"STICKYBOMB_MODIFIER":[{"value":300,"start":1387882800,"end":1388966340}],"GRENADE_MODIFIER":[{"value":125,"start":1387882800,"end":1388966340}],"PROPERTY_HIGH_APT_17_EXPENDITURE_MODIFIER":[{"value":214000,"start":1387882800,"end":1388966340}],"PROPERTY_HIGH_APT_16_EXPENDITURE_MODIFIER":[{"value":202000,"start":1387882800,"end":1388966340}],"PLAYERKIT_GREEN_WEAPON_EXPENDITURE_TUNABLE":[{"value":0.5,"start":1387882800,"end":1388966340}],"PLAYERKIT_GOLD_WEAPON_EXPENDITURE_TUNABLE":[{"value":0.5,"start":1387882800,"end":1388966340}],"Discount_Male_Feet_Hinterland_Tan_Boots":[{"value":0.494949494949495,"start":1387882800,"end":1388966340}],"Discount_Male_Feet_Hinterland_Woodland_Camo_Boots":[{"value":0.5,"start":1387882800,"end":1388966340}],"Discount_Male_Feet_Hinterland_Pink_Boots":[{"value":0.49367088607594939,"start":1387882800,"end":1388966340}],"Discount_Male_Feet_Hinterland_Beige_Boots":[{"value":0.5,"start":1387882800,"end":1388966340}],"Discount_Male_Feet_Hinterland_Blue_Boots":[{"value":0.49484536082474229,"start":1387882800,"end":1388966340}],"Discount_Male_Feet_Hinterland_White_Boots":[{"value":0.5,"start":1387882800,"end":1388966340}],"Discount_Male_Feet_Hinterland_Red_Boots":[{"value":0.5,"start":1387882800,"end":1388966340}],"Discount_Male_Feet_Hinterland_Brown_Boots":[{"value":0.49411764705882355,"start":1387882800,"end":1388966340}],"Discount_Male_Feet_Hinterland_Ash_Boots":[{"value":0.4943820224719101,"start":1387882800,"end":1388966340}],"Discount_Male_Feet_Hinterland_Black_Boots":[{"value":0.5,"start":1387882800,"end":1388966340}],"Discount_Male_Feet_Hinterland_Navy_Boots":[{"value":0.49397590361445781,"start":1387882800,"end":1388966340}],"Discount_Male_Feet_Hinterland_Money_Boots":[{"value":0.5,"start":1387882800,"end":1388966340}],"Discount_Male_Feet_Hinterland_Squares_Boots":[{"value":0.49848942598187312,"start":1387882800,"end":1388966340}],"Discount_Male_Feet_Hinterland_Teal_Boots":[{"value":0.5,"start":1387882800,"end":1388966340}],"Discount_Male_Feet_Hinterland_Urban_Camo_Boots":[{"value":0.5,"start":1387882800,"end":1388966340}],"Discount_Female_Feet_Off_White_Yeti":[{"value":0.5,"start":1387882800,"end":1388966340}],"Discount_Male_Feet_Hinterland_Copper_Boots":[{"value":0.49450549450549453,"start":1387882800,"end":1388966340}],"Discount_Female_Hats_Magenta_Beret":[{"value":0.47826086956521741,"start":1387882800,"end":1388966340}],"Discount_Female_Hats_Tan_Beret":[{"value":0.47826086956521741,"start":1387882800,"end":1388966340}],"Discount_Female_Hats_Navy_Beret":[{"value":0.47619047619047616,"start":1387882800,"end":1388966340}],"Discount_Female_Hats_Gray_Beret":[{"value":0.47619047619047616,"start":1387882800,"end":1388966340}],"Discount_Female_Hats_White_Beret":[{"value":0.48275862068965519,"start":1387882800,"end":1388966340}],"Discount_Female_Hats_Purple_Beret":[{"value":0.5,"start":1387882800,"end":1388966340}],"Discount_Female_Hats_Red_Beret":[{"value":0.5,"start":1387882800,"end":1388966340}],"Discount_Female_Hats_Black_Beret":[{"value":0.48275862068965519,"start":1387882800,"end":1388966340}],"Discount_Male_Hats_Black_Winter_Hat":[{"value":0.42857142857142855,"start":1387882800,"end":1388966340}],"Discount_Male_Hats_Gray_Winter_Hat":[{"value":0.5,"start":1387882800,"end":1388966340}],"Discount_Male_Hats_Blue_Winter_Hat":[{"value":0.42857142857142855,"start":1387882800,"end":1388966340}],"Discount_Male_Hats_Rasta_Winter_Hat":[{"value":0.5,"start":1387882800,"end":1388966340}],"Discount_Male_Hats_Gray_Striped_Winter_Hat":[{"value":0.48648648648648651,"start":1387882800,"end":1388966340}],"Discount_Male_Hats_Black_Striped_Winter_Hat":[{"value":0.48979591836734693,"start":1387882800,"end":1388966340}],"Discount_Male_Hats_White_Winter_Hat":[{"value":0.42857142857142855,"start":1387882800,"end":1388966340}],"Discount_Male_Hats_Maroon_Winter_Hat":[{"value":0.5,"start":1387882800,"end":1388966340}],"CARMOD_UNLOCK_HORN_L9_EXPENDITURE_TUNABLE":[{"value":0.5,"start":1287882800,"end":1388966340}],"CARMOD_UNLOCK_HORN_L7_EXPENDITURE_TUNABLE":[{"value":0.5,"start":1287882800,"end":1388966340}],"CARMOD_UNLOCK_HORN_L8_EXPENDITURE_TUNABLE":[{"value":0.5,"start":1387882800,"end":1388966340}],"CARMOD_UNLOCK_HORN_L6_EXPENDITURE_TUNABLE":[{"value":0.5,"start":1387882800,"end":1388966340}],"CARMOD_UNLOCK_HORN_L5_EXPENDITURE_TUNABLE":[{"value":0.5,"start":1387882800,"end":1388966340}],"CARMOD_UNLOCK_HORN_L5_EXPENDITURE_TUNABLE_SUV":[{"value":0.5,"start":1387882800,"end":1388966340}],"CARMOD_UNLOCK_HORN_L7_EXPENDITURE_TUNABLE_SUV":[{"value":0.5,"start":1387882800,"end":1388966340}],"CARMOD_UNLOCK_HORN_L8_EXPENDITURE_TUNABLE_SUV":[{"value":0.5,"start":1387882800,"end":1388966340}],"CARMOD_UNLOCK_HORN_L6_EXPENDITURE_TUNABLE_SUV":[{"value":0.5,"start":1387882800,"end":1388966340}],"CARMOD_UNLOCK_HORN_L9_EXPENDITURE_TUNABLE_SUV":[{"value":0.5,"start":1387882800,"end":1388966340}],"CARMOD_UNLOCK_HORN_L5_EXPENDITURE_TUNABLE_SPORT":[{"value":0.5,"start":1387882800,"end":1388966340}],"CARMOD_UNLOCK_HORN_L7_EXPENDITURE_TUNABLE_SPORT":[{"value":0.5,"start":1387882800,"end":1388966340}],"CARMOD_UNLOCK_HORN_L8_EXPENDITURE_TUNABLE_SPORT":[{"value":0.5,"start":1387882800,"end":1388966340}],"CARMOD_UNLOCK_HORN_L6_EXPENDITURE_TUNABLE_SPORT":[{"value":0.5,"start":1387882800,"end":1388966340}],"CARMOD_UNLOCK_HORN_L9_EXPENDITURE_TUNABLE_SPORT":[{"value":0.5,"start":1387882800,"end":1388966340}],"CARMOD_UNLOCK_HORN_L5_EXPENDITURE_TUNABLE_SPECIAL":[{"value":0.5,"start":1387882800,"end":1388966340}],"CARMOD_UNLOCK_HORN_L7_EXPENDITURE_TUNABLE_SPECIAL":[{"value":0.5,"start":1387882800,"end":1388966340}],"CARMOD_UNLOCK_HORN_L8_EXPENDITURE_TUNABLE_SPECIAL":[{"value":0.5,"start":1387882800,"end":1388966340}],"CARMOD_UNLOCK_HORN_L6_EXPENDITURE_TUNABLE_SPECIAL":[{"value":0.5,"start":1387882800,"end":1388966340}],"CARMOD_UNLOCK_HORN_L9_EXPENDITURE_TUNABLE_SPECIAL":[{"value":0.5,"start":1387882800,"end":1388966340}],"CARMOD_UNLOCK_HORN_L5_EXPENDITURE_TUNABLE_BIKE":[{"value":0.5,"start":1387882800,"end":1388966340}],"CARMOD_UNLOCK_HORN_L7_EXPENDITURE_TUNABLE_BIKE":[{"value":0.5,"start":1387882800,"end":1388966340}],"CARMOD_UNLOCK_HORN_L8_EXPENDITURE_TUNABLE_BIKE":[{"value":0.5,"start":1387882800,"end":1388966340}],"CARMOD_UNLOCK_HORN_L6_EXPENDITURE_TUNABLE_BIKE":[{"value":0.5,"start":1387882800,"end":1388966340}],"CARMOD_UNLOCK_HORN_L9_EXPENDITURE_TUNABLE_BIKE":[{"value":0.5,"start":1387882800,"end":1388966340}],"ZION_EXPENDITURE_MODIFIER":[{"value":42000,"start":1387882800,"end":1388966340}],"SCHWARZER_EXPENDITURE_MODIFIER":[{"value":56000,"start":1387882800,"end":1388966340}],"FUGITIVE_EXPENDITURE_MODIFIER":[{"value":16800,"start":1387882800,"end":1388966340}],"SUPERD_EXPENDITURE_MODIFIER":[{"value":175000,"start":1387882800,"end":1388966340}],"Discount_Female_Feet_Tan_Yeti":[{"value":0.47826086956521741,"start":1387882800,"end":1388966340}],"Discount_Female_Feet_Black_Yeti":[{"value":0.47826086956521741,"start":1387882800,"end":1388966340}],"Discount_Female_Feet_Gray_Yeti":[{"value":0.48148148148148145,"start":1387882800,"end":1388966340}],"Discount_Female_Feet_Ash_Yeti":[{"value":0.47619047619047616,"start":1387882800,"end":1388966340}],"Discount_Female_Feet_Charcoal_Yeti":[{"value":0.5,"start":1387882800,"end":1388966340}],"Discount_Female_Feet_Leopard_Yeti":[{"value":0.5,"start":1387882800,"end":1388966340}],"Discount_Female_Feet_Brown_Paisley_Yeti":[{"value":0.5,"start":1387882800,"end":1388966340}],"Discount_Female_Feet_Floral_Yeti":[{"value":0.50193050193050193,"start":1387882800,"end":1388966340}],"Discount_Female_Feet_Light_Pink_Yeti":[{"value":0.5,"start":1387882800,"end":1388966340}],"Discount_Female_Feet_Dark_Teal_Yeti":[{"value":0.5,"start":1387882800,"end":1388966340}],"Discount_Female_Feet_Hot_Pink_Yeti":[{"value":0.5,"start":1387882800,"end":1388966340}],